Fighters	BetOnline	Bovada	MyBookie	BetUS	Bet105	Bookmaker	DraftKings	FanDuel	4Cx	BetAnything	Circa	BetRivers	ESPN	HardRockBet	BetMGM	Caesars	Jazz	Polymarket	Pinnacle	Betway	Stake	Cloudbet	4casters	SXBet	
Justin Gaethje	
+170

+174

+170

+176

+175

+170

+160

+163
Paddy Pimblett	
-200

-210

-205

-230

-222

-210

-210

-200

Kayla Harrison	
-200

-180

-162

-180

-175

-175

-175

-170

-175
Amanda Nunes	
+170

+150

+136

+140

+140

+140

+145

+130

+130

Sean O'Malley	
-170

-169

-185

-196

-185

-185

-185

-200

-200
Yadong Song	
+145

+142

+154

+152

+150

+150

+150

+150

+150

Waldo Cortes-Acosta	
-265

-298

-230

-238

-240

-275

-250

-225
Derrick Lewis	
+225

+240

+176

+188

+190

+225

+185

+163

Arnold Allen	
+170

+164

+162

+143

+165

+150

+150
Jean Silva	
-195

-198

-210

-179

-200

-200
