feature,importance
f1_striking_volume_control,107.0
f2_striking_volume_control,97.0
f2_knockdowns_lifetime,58.0
age_difference,54.0
f1_knockdowns_lifetime,50.0
f1_defensive_efficiency,48.0
f2_defensive_efficiency,45.0
takedown_defense_diff,42.0
striking_output_diff,41.0
f1_ground_output_per_min_lifetime,39.0
takedown_ability_diff,38.0
f1_submission_avg_per_15min,38.0
f1_ground_strike_rate_lifetime,36.0
f2_submission_avg_per_15min,34.0
f2_head_strike_rate_last_3,34.0
f1_days_since_last_fight,33.0
striking_accuracy_diff,33.0
f2_ground_strike_rate_lifetime,32.0
f1_age_x_days_since_last_fight,31.0
f2_ground_output_per_min_lifetime,29.0
f2_days_since_last_fight,28.0
f2_striking_accuracy_lifetime,26.0
f2_power_striker_score,23.0
f2_sig_strikes_landed_per_min_last_3,23.0
takedown_matchup,23.0
f1_takedown_defense,23.0
f2_age_x_days_since_last_fight,23.0
f1_losses,22.0
f1_head_strike_rate_last_3,22.0
striking_defense_diff,21.0
f2_losses,20.0
f2_head_strike_rate_lifetime,20.0
f2_avg_opponent_win_rate,20.0
f1_sig_strikes_landed_per_min_last_3,20.0
f1_avg_opponent_win_rate,19.0
f1_recent_sig_strike_diff_last_3,19.0
f1_striking_accuracy_lifetime,18.0
f2_ground_strike_rate_last_3,18.0
f1_power_striker_score,18.0
age_x_fights_in_last_year_diff,18.0
finish_rate_diff,18.0
f2_takedown_avg_per_15min,17.0
time_decayed_win_rate_adj_opp_quality_diff,17.0
f1_head_strike_rate_lifetime,17.0
f2_striking_accuracy_last_3,17.0
f1_knockdowns_last_3,16.0
opponent_quality_score_diff,16.0
f1_striking_accuracy_last_3,16.0
f1_time_decayed_win_rate_adj_opp_quality,16.0
f1_distance_accuracy_last_3,16.0
f2_clinch_accuracy_lifetime,15.0
f2_striking_differential,15.0
f2_distance_strike_rate_last_3,15.0
reach_advantage,15.0
f2_days_between_last_2_fights,15.0
f2_avg_beaten_opponent_win_rate,15.0
age_x_days_since_last_fight_diff,15.0
f2_body_strike_rate_last_3,15.0
f1_distance_accuracy_lifetime,15.0
f1_body_strike_rate_lifetime,15.0
f1_striking_differential,14.0
power_striker_score_diff,14.0
f1_clinch_accuracy_lifetime,14.0
time_decayed_ko_rate_diff,13.0
f2_distance_accuracy_lifetime,13.0
f1_clinch_accuracy_last_3,13.0
f2_opponent_quality_score,13.0
avg_opponent_win_rate_diff,13.0
f2_takedown_accuracy,13.0
recent_sig_strike_diff_last_3_diff,13.0
round_3_win_rate_diff,13.0
time_decayed_win_rate_diff,12.0
f2_time_decayed_win_rate,12.0
f2_recent_sig_strike_diff_last_3,12.0
youth_form_score_diff,12.0
f2_body_strike_rate_lifetime,11.0
f1_days_between_last_2_fights,11.0
f1_ground_strike_rate_last_3,11.0
win_rate_last_3_years_diff,11.0
f2_clinch_accuracy_last_3,10.0
f2_distance_accuracy_last_3,10.0
f2_striking_accuracy,10.0
f1_avg_opponent_total_fights,10.0
f1_takedown_avg_per_15min,10.0
f1_age_x_fights_in_last_year,10.0
prospect_momentum_score_diff,10.0
recent_control_time_diff_last_3_diff,10.0
recent_finish_losses_last_2_diff,10.0
avg_beaten_opponent_win_rate_diff,10.0
f1_win_rate_last_3_years,10.0
f2_knockdowns_last_3,10.0
f1_sig_strikes_landed_per_min_lifetime,10.0
f1_sig_strikes_landed_per_min,9.0
f1_takedown_accuracy,9.0
f2_losses_last_3_years,9.0
f1_leg_strike_rate_last_3,9.0
f2_recent_control_time_diff_last_3,9.0
f2_distance_strike_rate_lifetime,9.0
f1_submission_rate,8.0
f2_avg_opponent_total_fights,8.0
f1_distance_strike_rate_last_3,8.0
f1_ground_output_per_min_last_3,8.0
f2_takedown_defense,8.0
f2_avg_beaten_opponent_total_fights,8.0
f2_ground_output_per_min_last_3,8.0
f2_leg_strike_rate_last_3,8.0
f2_round_3_performance_score,8.0
f2_recent_control_time_sec_last_3,8.0
recent_control_time_sec_last_3_diff,8.0
f2_reach_inches,8.0
f2_time_decayed_win_rate_adj_opp_quality,7.0
f2_sig_strikes_landed_per_min_lifetime,7.0
f1_avg_lost_to_opponent_win_rate,7.0
recent_vs_career_win_rate_diff,7.0
height_advantage,7.0
experience_difference,7.0
f2_ko_rate,6.0
time_decayed_finish_rate_diff,6.0
f2_striking_defense,6.0
f1_round_3_win_rate,6.0
striking_differential,6.0
f1_losses_last_3_years,6.0
f2_win_rate_last_3_years,6.0
f2_decision_rate,6.0
f2_submission_rate,6.0
f1_striking_defense,6.0
recent_knockdown_diff_last_3_diff,6.0
f1_prospect_momentum_score,6.0
f2_avg_lost_to_opponent_win_rate,6.0
f2_performance_trend,6.0
f2_age_x_fights_in_last_year,6.0
f1_round_3_fight_rate,5.0
f1_time_decayed_win_rate,5.0
f1_recent_vs_career_win_rate,5.0
f1_body_strike_rate_last_3,5.0
f1_round_3_performance_score,5.0
win_streak_diff,5.0
f2_age_x_fights_since_last_win,5.0
f2_wins,5.0
f2_time_decayed_finish_rate,5.0
f1_finish_rate,5.0
f1_reach_inches,5.0
f1_opponent_quality_score,5.0
f2_total_fights,5.0
round_3_performance_diff,5.0
f1_recent_control_time_diff_last_3,5.0
f1_decision_rate,5.0
f1_recent_knockdown_diff_last_3,5.0
f1_ko_rate,5.0
f1_age_x_fights_since_last_win,4.0
f2_round_3_finish_rate,4.0
wins_last_3_years_diff,4.0
f1_leg_strike_rate_lifetime,4.0
f1_recent_control_time_sec_last_3,4.0
f1_avg_beaten_opponent_win_rate,4.0
age_x_fights_since_last_win_diff,4.0
f2_sig_strikes_landed_per_min,4.0
finish_losses_since_last_win_diff,4.0
f1_avg_beaten_opponent_total_fights,4.0
f2_time_decayed_ko_rate,4.0
recent_finish_loss_last_fight_diff,4.0
age_x_years_since_last_fight_diff,4.0
f1_ko_rate_last_5,4.0
f2_prospect_momentum_score,4.0
f1_time_decayed_ko_rate,4.0
f1_finish_rate_last_3,4.0
f2_leg_strike_rate_lifetime,4.0
f1_distance_strike_rate_lifetime,4.0
f1_early_finish_advantage,4.0
f1_youth_form_score,3.0
f2_current_loss_streak,3.0
losses_last_3_years_diff,3.0
early_finish_rate_last_5_diff,3.0
f2_age,3.0
f1_performance_trend,3.0
f1_wins,3.0
f2_finish_rate,3.0
early_finish_advantage_diff,3.0
age_x_recent_vs_career_decline_diff,3.0
f1_total_fights,3.0
f1_time_decayed_finish_rate,3.0
f1_avg_fight_duration_rounds,3.0
finish_rate_last_3_years_diff,3.0
f2_recent_knockdown_diff_last_3,3.0
f2_ko_rate_last_5,3.0
f1_age_x_years_since_last_fight,3.0
f1_height_cm,3.0
f1_age_x_recent_vs_career_decline,3.0
f2_avg_fight_duration_rounds,2.0
f2_finish_rate_last_5,2.0
f2_height_cm,2.0
recent_finish_loss_ratio_last_2_diff,2.0
f2_age_x_years_since_last_fight,2.0
f1_wins_last_3_years,2.0
striker_vs_grappler,2.0
f2_round_3_win_rate,2.0
f1_first_round_finish_rate,2.0
f1_win_rate_last_3,2.0
first_round_finish_rate_diff,2.0
f1_losses_since_last_win,2.0
f1_weight_lbs,2.0
f2_round_3_fight_rate,2.0
f2_decision_losses_since_last_win,2.0
f1_striking_accuracy,2.0
f2_early_finish_advantage,2.0
f1_finish_rate_last_3_years,2.0
f2_early_finish_rate_last_5,2.0
f2_finish_rate_last_3_years,2.0
f1_finish_rate_last_5,2.0
recent_form_diff,2.0
f2_stance_orthodox,1.0
f2_long_layoff_over_1yr,1.0
decision_losses_since_last_win_diff,1.0
f2_recent_losses_last_2,1.0
f1_ko_rate_last_3,1.0
f2_ko_rate_last_3,1.0
f2_finish_rate_last_3,1.0
f2_age_in_prime,1.0
f1_recent_losses_last_2,1.0
f1_age_past_prime,1.0
f2_early_finish_rate_last_3,1.0
f1_recent_finish_loss_last_fight,1.0
f1_current_win_streak,1.0
f2_weight_lbs,1.0
f2_win_rate_last_5,1.0
f2_wins_last_3_years,1.0
f2_youth_form_score,1.0
f1_decision_losses_since_last_win,1.0
f2_current_win_streak,1.0
f1_current_loss_streak,1.0
losses_since_last_win_diff,1.0
num_common_opponents,1.0
f1_first_round_ko_rate,1.0
f1_round_3_finish_rate,1.0
early_finish_rate_last_3_diff,1.0
f1_recent_finish_loss_ratio_last_2,1.0
f2_recent_finish_loss_ratio_last_2,1.0
